,Year,Location,Indicators,Products,UOM,Scalar factor,Value
0,2014,Canada,Total domestic supply,Total tourism expenditures,Dollars,millions,3654954.0
1,2014,Canada,Total domestic supply,Total tourism products,Dollars,millions,212829.4
2,2014,Canada,Total domestic supply,Total transportation,Dollars,millions,98108.0
3,2014,Canada,Total domestic supply,Passenger air transport,Dollars,millions,19961.5
4,2014,Canada,Total domestic supply,Passenger rail transport,Dollars,millions,309.6
5,2014,Canada,Total domestic supply,Passenger water transport,Dollars,millions,762.2
6,2014,Canada,Total domestic supply,"Interurban, charter and tour bus transport",Dollars,millions,2501.2
7,2014,Canada,Total domestic supply,Taxis,Dollars,millions,2486.0
8,2014,Canada,Total domestic supply,Vehicle rental,Dollars,millions,2964.7
9,2014,Canada,Total domestic supply,Vehicle repairs and parts,Dollars,millions,24213.4
10,2014,Canada,Total domestic supply,Vehicle fuel,Dollars,millions,44909.4
11,2014,Canada,Total domestic supply,Total accommodation,Dollars,millions,13569.2
12,2014,Canada,Total domestic supply,Hotels,Dollars,millions,10692.5
13,2014,Canada,Total domestic supply,Motels,Dollars,millions,933.2
14,2014,Canada,Total domestic supply,Camping,Dollars,millions,1087.9
15,2014,Canada,Total domestic supply,Other accommodation,Dollars,millions,855.6
16,2014,Canada,Total domestic supply,Total food and beverage services,Dollars,millions,67287.8
17,2014,Canada,Total domestic supply,Meals from accommodation,Dollars,millions,3397.5
18,2014,Canada,Total domestic supply,Meals from restaurants,Dollars,millions,50930.6
19,2014,Canada,Total domestic supply,Alcoholic beverages from accommodation,Dollars,millions,1746.9
20,2014,Canada,Total domestic supply,Alcoholic beverages from restaurants,Dollars,millions,7814.6
21,2014,Canada,Total domestic supply,Meals and alcoholic beverages from other tourism industries,Dollars,millions,3398.2
22,2014,Canada,Total domestic supply,Total other tourism products,Dollars,millions,33864.4
23,2014,Canada,Total domestic supply,Recreation and entertainment,Dollars,millions,24741.4
24,2014,Canada,Total domestic supply,Travel services,Dollars,millions,4343.0
25,2014,Canada,Total domestic supply,Convention fees,Dollars,millions,804.2
26,2014,Canada,Total domestic supply,Pre-trip expenses,Dollars,millions,3975.8
27,2014,Canada,Total domestic supply,Total other products,Dollars,millions,3442124.6
28,2014,Canada,Total domestic supply,Groceries,Dollars,millions,98402.0
29,2014,Canada,Total domestic supply,"Beer, wine, and liquor from stores",Dollars,millions,20390.1
30,2014,Canada,Total domestic supply,Urban transit and parking,Dollars,millions,4123.6
31,2014,Canada,Total domestic supply,Miscellaneous products,Dollars,millions,3319208.9
32,2014,Canada,Total demand,Total tourism expenditures,Dollars,millions,84580.6
33,2014,Canada,Total demand,Total tourism products,Dollars,millions,71058.8
34,2014,Canada,Total demand,Total transportation,Dollars,millions,32648.8
35,2014,Canada,Total demand,Passenger air transport,Dollars,millions,17051.1
36,2014,Canada,Total demand,Passenger rail transport,Dollars,millions,289.1
37,2014,Canada,Total demand,Passenger water transport,Dollars,millions,506.0
38,2014,Canada,Total demand,"Interurban, charter and tour bus transport",Dollars,millions,741.4
39,2014,Canada,Total demand,Taxis,Dollars,millions,462.7
40,2014,Canada,Total demand,Vehicle rental,Dollars,millions,1021.6
41,2014,Canada,Total demand,Vehicle repairs and parts,Dollars,millions,4412.5
42,2014,Canada,Total demand,Vehicle fuel,Dollars,millions,8164.4
43,2014,Canada,Total demand,Total accommodation,Dollars,millions,11786.0
44,2014,Canada,Total demand,Hotels,Dollars,millions,9336.1
45,2014,Canada,Total demand,Motels,Dollars,millions,753.9
46,2014,Canada,Total demand,Camping,Dollars,millions,964.5
47,2014,Canada,Total demand,Other accommodation,Dollars,millions,731.5
48,2014,Canada,Total demand,Total food and beverage services,Dollars,millions,12791.0
49,2014,Canada,Total demand,Meals from accommodation,Dollars,millions,640.6
50,2014,Canada,Total demand,Meals from restaurants,Dollars,millions,9595.8
51,2014,Canada,Total demand,Alcoholic beverages from accommodation,Dollars,millions,348.3
52,2014,Canada,Total demand,Alcoholic beverages from restaurants,Dollars,millions,1553.2
53,2014,Canada,Total demand,Meals and alcoholic beverages from other tourism industries,Dollars,millions,653.1
54,2014,Canada,Total demand,Total other tourism products,Dollars,millions,13833.0
55,2014,Canada,Total demand,Recreation and entertainment,Dollars,millions,4885.9
56,2014,Canada,Total demand,Travel services,Dollars,millions,4256.1
57,2014,Canada,Total demand,Convention fees,Dollars,millions,715.2
58,2014,Canada,Total demand,Pre-trip expenses,Dollars,millions,3975.8
59,2014,Canada,Total demand,Total other products,Dollars,millions,13521.8
60,2014,Canada,Total demand,Groceries,Dollars,millions,4519.5
61,2014,Canada,Total demand,"Beer, wine, and liquor from stores",Dollars,millions,936.8
62,2014,Canada,Total demand,Urban transit and parking,Dollars,millions,223.9
63,2014,Canada,Total demand,Miscellaneous products,Dollars,millions,7841.6
64,2014,Canada,Domestic demand,Total tourism expenditures,Dollars,millions,51912.1
65,2014,Canada,Domestic demand,Total tourism products,Dollars,millions,43343.7
66,2014,Canada,Domestic demand,Total transportation,Dollars,millions,21293.1
67,2014,Canada,Domestic demand,Passenger air transport,Dollars,millions,9313.2
68,2014,Canada,Domestic demand,Passenger rail transport,Dollars,millions,191.6
69,2014,Canada,Domestic demand,Passenger water transport,Dollars,millions,213.6
70,2014,Canada,Domestic demand,"Interurban, charter and tour bus transport",Dollars,millions,379.4
71,2014,Canada,Domestic demand,Taxis,Dollars,millions,276.2
72,2014,Canada,Domestic demand,Vehicle rental,Dollars,millions,249.4
73,2014,Canada,Domestic demand,Vehicle repairs and parts,Dollars,millions,3736.6
74,2014,Canada,Domestic demand,Vehicle fuel,Dollars,millions,6933.1
75,2014,Canada,Domestic demand,Total accommodation,Dollars,millions,4342.3
76,2014,Canada,Domestic demand,Hotels,Dollars,millions,3102.4
77,2014,Canada,Domestic demand,Motels,Dollars,millions,334.8
78,2014,Canada,Domestic demand,Camping,Dollars,millions,649.2
79,2014,Canada,Domestic demand,Other accommodation,Dollars,millions,255.9
80,2014,Canada,Domestic demand,Total food and beverage services,Dollars,millions,7993.0
81,2014,Canada,Domestic demand,Meals from accommodation,Dollars,millions,380.6
82,2014,Canada,Domestic demand,Meals from restaurants,Dollars,millions,6006.3
83,2014,Canada,Domestic demand,Alcoholic beverages from accommodation,Dollars,millions,204.8
84,2014,Canada,Domestic demand,Alcoholic beverages from restaurants,Dollars,millions,998.0
85,2014,Canada,Domestic demand,Meals and alcoholic beverages from other tourism industries,Dollars,millions,403.3
86,2014,Canada,Domestic demand,Total other tourism products,Dollars,millions,9715.3
87,2014,Canada,Domestic demand,Recreation and entertainment,Dollars,millions,2737.9
88,2014,Canada,Domestic demand,Travel services,Dollars,millions,2561.8
89,2014,Canada,Domestic demand,Convention fees,Dollars,millions,439.8
90,2014,Canada,Domestic demand,Pre-trip expenses,Dollars,millions,3975.8
91,2014,Canada,Domestic demand,Total other products,Dollars,millions,8568.4
92,2014,Canada,Domestic demand,Groceries,Dollars,millions,2942.7
93,2014,Canada,Domestic demand,"Beer, wine, and liquor from stores",Dollars,millions,607.4
94,2014,Canada,Domestic demand,Urban transit and parking,Dollars,millions,160.4
95,2014,Canada,Domestic demand,Miscellaneous products,Dollars,millions,4857.9
96,2014,Canada,Exports,Total tourism expenditures,Dollars,millions,32668.7
97,2014,Canada,Exports,Total tourism products,Dollars,millions,27715.3
98,2014,Canada,Exports,Total transportation,Dollars,millions,11355.8
99,2014,Canada,Exports,Passenger air transport,Dollars,millions,7737.9
100,2014,Canada,Exports,Passenger rail transport,Dollars,millions,97.5
101,2014,Canada,Exports,Passenger water transport,Dollars,millions,292.4
102,2014,Canada,Exports,"Interurban, charter and tour bus transport",Dollars,millions,362.0
103,2014,Canada,Exports,Taxis,Dollars,millions,186.5
104,2014,Canada,Exports,Vehicle rental,Dollars,millions,772.2
105,2014,Canada,Exports,Vehicle repairs and parts,Dollars,millions,676.0
106,2014,Canada,Exports,Vehicle fuel,Dollars,millions,1231.3
107,2014,Canada,Exports,Total accommodation,Dollars,millions,7443.7
108,2014,Canada,Exports,Hotels,Dollars,millions,6233.7
109,2014,Canada,Exports,Motels,Dollars,millions,419.1
110,2014,Canada,Exports,Camping,Dollars,millions,315.3
111,2014,Canada,Exports,Other accommodation,Dollars,millions,475.6
112,2014,Canada,Exports,Total food and beverage services,Dollars,millions,4798.1
113,2014,Canada,Exports,Meals from accommodation,Dollars,millions,260.1
114,2014,Canada,Exports,Meals from restaurants,Dollars,millions,3589.5
115,2014,Canada,Exports,Alcoholic beverages from accommodation,Dollars,millions,143.5
116,2014,Canada,Exports,Alcoholic beverages from restaurants,Dollars,millions,555.2
117,2014,Canada,Exports,Meals and alcoholic beverages from other tourism industries,Dollars,millions,249.8
118,2014,Canada,Exports,Total other tourism products,Dollars,millions,4117.7
119,2014,Canada,Exports,Recreation and entertainment,Dollars,millions,2147.9
120,2014,Canada,Exports,Travel services,Dollars,millions,1694.4
121,2014,Canada,Exports,Convention fees,Dollars,millions,275.4
122,2014,Canada,Exports,Pre-trip expenses,Dollars,millions,0.0
123,2014,Canada,Exports,Total other products,Dollars,millions,4953.4
124,2014,Canada,Exports,Groceries,Dollars,millions,1576.8
125,2014,Canada,Exports,"Beer, wine, and liquor from stores",Dollars,millions,329.4
126,2014,Canada,Exports,Urban transit and parking,Dollars,millions,63.5
127,2014,Canada,Exports,Miscellaneous products,Dollars,millions,2983.7
128,2014,Canada,Interprovincial demand (exports),Total tourism expenditures,Dollars,millions,12679.5
129,2014,Canada,Interprovincial demand (exports),Total tourism products,Dollars,millions,11104.3
130,2014,Canada,Interprovincial demand (exports),Total transportation,Dollars,millions,4907.2
131,2014,Canada,Interprovincial demand (exports),Passenger air transport,Dollars,millions,3277.0
132,2014,Canada,Interprovincial demand (exports),Passenger rail transport,Dollars,millions,33.1
133,2014,Canada,Interprovincial demand (exports),Passenger water transport,Dollars,millions,29.0
134,2014,Canada,Interprovincial demand (exports),"Interurban, charter and tour bus transport",Dollars,millions,59.8
135,2014,Canada,Interprovincial demand (exports),Taxis,Dollars,millions,84.5
136,2014,Canada,Interprovincial demand (exports),Vehicle rental,Dollars,millions,272.5
137,2014,Canada,Interprovincial demand (exports),Vehicle repairs and parts,Dollars,millions,411.1
138,2014,Canada,Interprovincial demand (exports),Vehicle fuel,Dollars,millions,740.2
139,2014,Canada,Interprovincial demand (exports),Total accommodation,Dollars,millions,2152.4
140,2014,Canada,Interprovincial demand (exports),Hotels,Dollars,millions,1812.2
141,2014,Canada,Interprovincial demand (exports),Motels,Dollars,millions,131.5
142,2014,Canada,Interprovincial demand (exports),Camping,Dollars,millions,123.6
143,2014,Canada,Interprovincial demand (exports),Other accommodation,Dollars,millions,85.1
144,2014,Canada,Interprovincial demand (exports),Total food and beverage services,Dollars,millions,2028.0
145,2014,Canada,Interprovincial demand (exports),Meals from accommodation,Dollars,millions,113.8
146,2014,Canada,Interprovincial demand (exports),Meals from restaurants,Dollars,millions,1509.2
147,2014,Canada,Interprovincial demand (exports),Alcoholic beverages from accommodation,Dollars,millions,63.3
148,2014,Canada,Interprovincial demand (exports),Alcoholic beverages from restaurants,Dollars,millions,234.9
149,2014,Canada,Interprovincial demand (exports),Meals and alcoholic beverages from other tourism industries,Dollars,millions,106.8
150,2014,Canada,Interprovincial demand (exports),Total other tourism products,Dollars,millions,2016.7
151,2014,Canada,Interprovincial demand (exports),Recreation and entertainment,Dollars,millions,617.6
152,2014,Canada,Interprovincial demand (exports),Travel services,Dollars,millions,1332.9
153,2014,Canada,Interprovincial demand (exports),Convention fees,Dollars,millions,66.2
154,2014,Canada,Interprovincial demand (exports),Pre-trip expenses,Dollars,millions,0.0
155,2014,Canada,Interprovincial demand (exports),Total other products,Dollars,millions,1575.2
156,2014,Canada,Interprovincial demand (exports),Groceries,Dollars,millions,605.2
157,2014,Canada,Interprovincial demand (exports),"Beer, wine, and liquor from stores",Dollars,millions,127.6
158,2014,Canada,Interprovincial demand (exports),Urban transit and parking,Dollars,millions,48.8
159,2014,Canada,Interprovincial demand (exports),Miscellaneous products,Dollars,millions,793.6
160,2014,Canada,International demand (exports),Total tourism expenditures,Dollars,millions,19989.4
161,2014,Canada,International demand (exports),Total tourism products,Dollars,millions,16611.3
162,2014,Canada,International demand (exports),Total transportation,Dollars,millions,6448.7
163,2014,Canada,International demand (exports),Passenger air transport,Dollars,millions,4460.9
164,2014,Canada,International demand (exports),Passenger rail transport,Dollars,millions,64.4
165,2014,Canada,International demand (exports),Passenger water transport,Dollars,millions,263.4
166,2014,Canada,International demand (exports),"Interurban, charter and tour bus transport",Dollars,millions,302.3
167,2014,Canada,International demand (exports),Taxis,Dollars,millions,102.0
168,2014,Canada,International demand (exports),Vehicle rental,Dollars,millions,499.7
169,2014,Canada,International demand (exports),Vehicle repairs and parts,Dollars,millions,264.9
170,2014,Canada,International demand (exports),Vehicle fuel,Dollars,millions,491.1
171,2014,Canada,International demand (exports),Total accommodation,Dollars,millions,5291.4
172,2014,Canada,International demand (exports),Hotels,Dollars,millions,4421.6
173,2014,Canada,International demand (exports),Motels,Dollars,millions,287.6
174,2014,Canada,International demand (exports),Camping,Dollars,millions,191.7
175,2014,Canada,International demand (exports),Other accommodation,Dollars,millions,390.5
176,2014,Canada,International demand (exports),Total food and beverage services,Dollars,millions,2770.2
177,2014,Canada,International demand (exports),Meals from accommodation,Dollars,millions,146.2
178,2014,Canada,International demand (exports),Meals from restaurants,Dollars,millions,2080.4
179,2014,Canada,International demand (exports),Alcoholic beverages from accommodation,Dollars,millions,80.2
180,2014,Canada,International demand (exports),Alcoholic beverages from restaurants,Dollars,millions,320.4
181,2014,Canada,International demand (exports),Meals and alcoholic beverages from other tourism industries,Dollars,millions,143.0
182,2014,Canada,International demand (exports),Total other tourism products,Dollars,millions,2101.0
183,2014,Canada,International demand (exports),Recreation and entertainment,Dollars,millions,1530.3
184,2014,Canada,International demand (exports),Travel services,Dollars,millions,361.5
185,2014,Canada,International demand (exports),Convention fees,Dollars,millions,209.2
186,2014,Canada,International demand (exports),Pre-trip expenses,Dollars,millions,0.0
187,2014,Canada,International demand (exports),Total other products,Dollars,millions,3378.1
188,2014,Canada,International demand (exports),Groceries,Dollars,millions,971.6
189,2014,Canada,International demand (exports),"Beer, wine, and liquor from stores",Dollars,millions,201.7
190,2014,Canada,International demand (exports),Urban transit and parking,Dollars,millions,14.7
191,2014,Canada,International demand (exports),Miscellaneous products,Dollars,millions,2190.1
192,2014,Canada,Imports,Total tourism expenditures,Dollars,millions,60274.6
193,2014,Canada,Imports,Total tourism products,Dollars,millions,51880.7
194,2014,Canada,Imports,Total transportation,Dollars,millions,20128.2
203,2014,Canada,Imports,Total accommodation,Dollars,millions,15050.1
208,2014,Canada,Imports,Total food and beverage services,Dollars,millions,10555.6
214,2014,Canada,Imports,Total other tourism products,Dollars,millions,6146.8
219,2014,Canada,Imports,Total other products,Dollars,millions,8393.9
224,2014,Canada,Interprovincial imports,Total tourism expenditures,Dollars,millions,12679.5
225,2014,Canada,Interprovincial imports,Total tourism products,Dollars,millions,11104.3
226,2014,Canada,Interprovincial imports,Total transportation,Dollars,millions,4907.2
227,2014,Canada,Interprovincial imports,Passenger air transport,Dollars,millions,3277.0
228,2014,Canada,Interprovincial imports,Passenger rail transport,Dollars,millions,33.1
229,2014,Canada,Interprovincial imports,Passenger water transport,Dollars,millions,29.0
230,2014,Canada,Interprovincial imports,"Interurban, charter and tour bus transport",Dollars,millions,59.8
231,2014,Canada,Interprovincial imports,Taxis,Dollars,millions,84.5
232,2014,Canada,Interprovincial imports,Vehicle rental,Dollars,millions,272.5
233,2014,Canada,Interprovincial imports,Vehicle repairs and parts,Dollars,millions,411.1
234,2014,Canada,Interprovincial imports,Vehicle fuel,Dollars,millions,740.2
235,2014,Canada,Interprovincial imports,Total accommodation,Dollars,millions,2152.4
236,2014,Canada,Interprovincial imports,Hotels,Dollars,millions,1812.2
237,2014,Canada,Interprovincial imports,Motels,Dollars,millions,131.5
238,2014,Canada,Interprovincial imports,Camping,Dollars,millions,123.6
239,2014,Canada,Interprovincial imports,Other accommodation,Dollars,millions,85.1
240,2014,Canada,Interprovincial imports,Total food and beverage services,Dollars,millions,2028.0
241,2014,Canada,Interprovincial imports,Meals from accommodation,Dollars,millions,113.8
242,2014,Canada,Interprovincial imports,Meals from restaurants,Dollars,millions,1509.2
243,2014,Canada,Interprovincial imports,Alcoholic beverages from accommodation,Dollars,millions,63.3
244,2014,Canada,Interprovincial imports,Alcoholic beverages from restaurants,Dollars,millions,234.9
245,2014,Canada,Interprovincial imports,Meals and alcoholic beverages from other tourism industries,Dollars,millions,106.8
246,2014,Canada,Interprovincial imports,Total other tourism products,Dollars,millions,2016.7
247,2014,Canada,Interprovincial imports,Recreation and entertainment,Dollars,millions,617.6
248,2014,Canada,Interprovincial imports,Travel services,Dollars,millions,1332.9
249,2014,Canada,Interprovincial imports,Convention fees,Dollars,millions,66.2
250,2014,Canada,Interprovincial imports,Pre-trip expenses,Dollars,millions,0.0
251,2014,Canada,Interprovincial imports,Total other products,Dollars,millions,1575.2
252,2014,Canada,Interprovincial imports,Groceries,Dollars,millions,605.2
253,2014,Canada,Interprovincial imports,"Beer, wine, and liquor from stores",Dollars,millions,127.6
254,2014,Canada,Interprovincial imports,Urban transit and parking,Dollars,millions,48.8
255,2014,Canada,Interprovincial imports,Miscellaneous products,Dollars,millions,793.6
256,2014,Canada,International imports,Total tourism expenditures,Dollars,millions,47595.2
257,2014,Canada,International imports,Total tourism products,Dollars,millions,40776.5
258,2014,Canada,International imports,Total transportation,Dollars,millions,15221.1
267,2014,Canada,International imports,Total accommodation,Dollars,millions,12897.7
272,2014,Canada,International imports,Total food and beverage services,Dollars,millions,8527.7
278,2014,Canada,International imports,Total other tourism products,Dollars,millions,4130.1
283,2014,Canada,International imports,Total other products,Dollars,millions,6818.7
3200,2014,British Columbia,Total domestic supply,Total tourism expenditures,Dollars,millions,421110.5
3201,2014,British Columbia,Total domestic supply,Total tourism products,Dollars,millions,33191.2
3202,2014,British Columbia,Total domestic supply,Total transportation,Dollars,millions,14468.3
3203,2014,British Columbia,Total domestic supply,Passenger air transport,Dollars,millions,4468.0
3204,2014,British Columbia,Total domestic supply,Passenger rail transport,Dollars,millions,16.5
3205,2014,British Columbia,Total domestic supply,Passenger water transport,Dollars,millions,563.5
3206,2014,British Columbia,Total domestic supply,"Interurban, charter and tour bus transport",Dollars,millions,461.4
3207,2014,British Columbia,Total domestic supply,Taxis,Dollars,millions,323.1
3208,2014,British Columbia,Total domestic supply,Vehicle rental,Dollars,millions,448.4
3209,2014,British Columbia,Total domestic supply,Vehicle repairs and parts,Dollars,millions,3280.8
3210,2014,British Columbia,Total domestic supply,Vehicle fuel,Dollars,millions,4906.6
3211,2014,British Columbia,Total domestic supply,Total accommodation,Dollars,millions,2384.5
3212,2014,British Columbia,Total domestic supply,Hotels,Dollars,millions,1952.7
3213,2014,British Columbia,Total domestic supply,Motels,Dollars,millions,140.5
3214,2014,British Columbia,Total domestic supply,Camping,Dollars,millions,139.5
3215,2014,British Columbia,Total domestic supply,Other accommodation,Dollars,millions,151.8
3216,2014,British Columbia,Total domestic supply,Total food and beverage services,Dollars,millions,10896.0
3217,2014,British Columbia,Total domestic supply,Meals from accommodation,Dollars,millions,633.8
3218,2014,British Columbia,Total domestic supply,Meals from restaurants,Dollars,millions,8192.4
3219,2014,British Columbia,Total domestic supply,Alcoholic beverages from accommodation,Dollars,millions,482.9
3220,2014,British Columbia,Total domestic supply,Alcoholic beverages from restaurants,Dollars,millions,943.7
3221,2014,British Columbia,Total domestic supply,Meals and alcoholic beverages from other tourism industries,Dollars,millions,643.2
3222,2014,British Columbia,Total domestic supply,Total other tourism products,Dollars,millions,5442.4
3223,2014,British Columbia,Total domestic supply,Recreation and entertainment,Dollars,millions,4023.6
3224,2014,British Columbia,Total domestic supply,Travel services,Dollars,millions,680.4
3225,2014,British Columbia,Total domestic supply,Convention fees,Dollars,millions,143.0
3226,2014,British Columbia,Total domestic supply,Pre-trip expenses,Dollars,millions,595.4
3227,2014,British Columbia,Total domestic supply,Total other products,Dollars,millions,387919.3
3228,2014,British Columbia,Total domestic supply,Groceries,Dollars,millions,13673.4
3229,2014,British Columbia,Total domestic supply,"Beer, wine, and liquor from stores",Dollars,millions,2963.3
3230,2014,British Columbia,Total domestic supply,Urban transit and parking,Dollars,millions,504.8
3231,2014,British Columbia,Total domestic supply,Miscellaneous products,Dollars,millions,370777.8
3232,2014,British Columbia,Total demand,Total tourism expenditures,Dollars,millions,15570.4
3233,2014,British Columbia,Total demand,Total tourism products,Dollars,millions,13331.3
3234,2014,British Columbia,Total demand,Total transportation,Dollars,millions,6422.3
3235,2014,British Columbia,Total demand,Passenger air transport,Dollars,millions,3957.6
3236,2014,British Columbia,Total demand,Passenger rail transport,Dollars,millions,15.5
3237,2014,British Columbia,Total demand,Passenger water transport,Dollars,millions,430.9
3238,2014,British Columbia,Total demand,"Interurban, charter and tour bus transport",Dollars,millions,187.8
3239,2014,British Columbia,Total demand,Taxis,Dollars,millions,69.6
3240,2014,British Columbia,Total demand,Vehicle rental,Dollars,millions,210.3
3241,2014,British Columbia,Total demand,Vehicle repairs and parts,Dollars,millions,622.3
3242,2014,British Columbia,Total demand,Vehicle fuel,Dollars,millions,928.3
3243,2014,British Columbia,Total demand,Total accommodation,Dollars,millions,2236.0
3244,2014,British Columbia,Total demand,Hotels,Dollars,millions,1825.9
3245,2014,British Columbia,Total demand,Motels,Dollars,millions,137.9
3246,2014,British Columbia,Total demand,Camping,Dollars,millions,129.5
3247,2014,British Columbia,Total demand,Other accommodation,Dollars,millions,142.7
3248,2014,British Columbia,Total demand,Total food and beverage services,Dollars,millions,2254.2
3249,2014,British Columbia,Total demand,Meals from accommodation,Dollars,millions,130.3
3250,2014,British Columbia,Total demand,Meals from restaurants,Dollars,millions,1661.6
3251,2014,British Columbia,Total demand,Alcoholic beverages from accommodation,Dollars,millions,111.1
3252,2014,British Columbia,Total demand,Alcoholic beverages from restaurants,Dollars,millions,216.7
3253,2014,British Columbia,Total demand,Meals and alcoholic beverages from other tourism industries,Dollars,millions,134.5
3254,2014,British Columbia,Total demand,Total other tourism products,Dollars,millions,2418.8
3255,2014,British Columbia,Total demand,Recreation and entertainment,Dollars,millions,1022.9
3256,2014,British Columbia,Total demand,Travel services,Dollars,millions,666.8
3257,2014,British Columbia,Total demand,Convention fees,Dollars,millions,133.7
3258,2014,British Columbia,Total demand,Pre-trip expenses,Dollars,millions,595.4
3259,2014,British Columbia,Total demand,Total other products,Dollars,millions,2239.1
3260,2014,British Columbia,Total demand,Groceries,Dollars,millions,833.7
3261,2014,British Columbia,Total demand,"Beer, wine, and liquor from stores",Dollars,millions,183.0
3262,2014,British Columbia,Total demand,Urban transit and parking,Dollars,millions,49.6
3263,2014,British Columbia,Total demand,Miscellaneous products,Dollars,millions,1172.8
3264,2014,British Columbia,Domestic demand,Total tourism expenditures,Dollars,millions,6769.2
3265,2014,British Columbia,Domestic demand,Total tourism products,Dollars,millions,5843.1
3266,2014,British Columbia,Domestic demand,Total transportation,Dollars,millions,3001.1
3267,2014,British Columbia,Domestic demand,Passenger air transport,Dollars,millions,1523.7
3268,2014,British Columbia,Domestic demand,Passenger rail transport,Dollars,millions,5.0
3269,2014,British Columbia,Domestic demand,Passenger water transport,Dollars,millions,182.3
3270,2014,British Columbia,Domestic demand,"Interurban, charter and tour bus transport",Dollars,millions,79.9
3271,2014,British Columbia,Domestic demand,Taxis,Dollars,millions,39.0
3272,2014,British Columbia,Domestic demand,Vehicle rental,Dollars,millions,46.0
3273,2014,British Columbia,Domestic demand,Vehicle repairs and parts,Dollars,millions,450.9
3274,2014,British Columbia,Domestic demand,Vehicle fuel,Dollars,millions,674.3
3275,2014,British Columbia,Domestic demand,Total accommodation,Dollars,millions,550.9
3276,2014,British Columbia,Domestic demand,Hotels,Dollars,millions,424.4
3277,2014,British Columbia,Domestic demand,Motels,Dollars,millions,42.7
3278,2014,British Columbia,Domestic demand,Camping,Dollars,millions,61.7
3279,2014,British Columbia,Domestic demand,Other accommodation,Dollars,millions,22.1
3280,2014,British Columbia,Domestic demand,Total food and beverage services,Dollars,millions,990.5
3281,2014,British Columbia,Domestic demand,Meals from accommodation,Dollars,millions,55.9
3282,2014,British Columbia,Domestic demand,Meals from restaurants,Dollars,millions,722.9
3283,2014,British Columbia,Domestic demand,Alcoholic beverages from accommodation,Dollars,millions,51.5
3284,2014,British Columbia,Domestic demand,Alcoholic beverages from restaurants,Dollars,millions,100.6
3285,2014,British Columbia,Domestic demand,Meals and alcoholic beverages from other tourism industries,Dollars,millions,59.6
3286,2014,British Columbia,Domestic demand,Total other tourism products,Dollars,millions,1300.6
3287,2014,British Columbia,Domestic demand,Recreation and entertainment,Dollars,millions,377.4
3288,2014,British Columbia,Domestic demand,Travel services,Dollars,millions,279.3
3289,2014,British Columbia,Domestic demand,Convention fees,Dollars,millions,48.5
3290,2014,British Columbia,Domestic demand,Pre-trip expenses,Dollars,millions,595.4
3291,2014,British Columbia,Domestic demand,Total other products,Dollars,millions,926.1
3292,2014,British Columbia,Domestic demand,Groceries,Dollars,millions,385.6
3293,2014,British Columbia,Domestic demand,"Beer, wine, and liquor from stores",Dollars,millions,84.6
3294,2014,British Columbia,Domestic demand,Urban transit and parking,Dollars,millions,30.6
3295,2014,British Columbia,Domestic demand,Miscellaneous products,Dollars,millions,425.3
3296,2014,British Columbia,Exports,Total tourism expenditures,Dollars,millions,8801.2
3297,2014,British Columbia,Exports,Total tourism products,Dollars,millions,7488.3
3298,2014,British Columbia,Exports,Total transportation,Dollars,millions,3421.0
3299,2014,British Columbia,Exports,Passenger air transport,Dollars,millions,2434.0
3300,2014,British Columbia,Exports,Passenger rail transport,Dollars,millions,10.5
3301,2014,British Columbia,Exports,Passenger water transport,Dollars,millions,248.5
3302,2014,British Columbia,Exports,"Interurban, charter and tour bus transport",Dollars,millions,107.9
3303,2014,British Columbia,Exports,Taxis,Dollars,millions,30.5
3304,2014,British Columbia,Exports,Vehicle rental,Dollars,millions,164.3
3305,2014,British Columbia,Exports,Vehicle repairs and parts,Dollars,millions,171.4
3306,2014,British Columbia,Exports,Vehicle fuel,Dollars,millions,253.9
3307,2014,British Columbia,Exports,Total accommodation,Dollars,millions,1685.2
3308,2014,British Columbia,Exports,Hotels,Dollars,millions,1401.5
3309,2014,British Columbia,Exports,Motels,Dollars,millions,95.3
3310,2014,British Columbia,Exports,Camping,Dollars,millions,67.8
3311,2014,British Columbia,Exports,Other accommodation,Dollars,millions,120.6
3312,2014,British Columbia,Exports,Total food and beverage services,Dollars,millions,1263.8
3313,2014,British Columbia,Exports,Meals from accommodation,Dollars,millions,74.4
3314,2014,British Columbia,Exports,Meals from restaurants,Dollars,millions,938.7
3315,2014,British Columbia,Exports,Alcoholic beverages from accommodation,Dollars,millions,59.6
3316,2014,British Columbia,Exports,Alcoholic beverages from restaurants,Dollars,millions,116.1
3317,2014,British Columbia,Exports,Meals and alcoholic beverages from other tourism industries,Dollars,millions,75.0
3318,2014,British Columbia,Exports,Total other tourism products,Dollars,millions,1118.3
3319,2014,British Columbia,Exports,Recreation and entertainment,Dollars,millions,645.5
3320,2014,British Columbia,Exports,Travel services,Dollars,millions,387.6
3321,2014,British Columbia,Exports,Convention fees,Dollars,millions,85.2
3322,2014,British Columbia,Exports,Pre-trip expenses,Dollars,millions,0.0
3323,2014,British Columbia,Exports,Total other products,Dollars,millions,1312.9
3324,2014,British Columbia,Exports,Groceries,Dollars,millions,448.1
3325,2014,British Columbia,Exports,"Beer, wine, and liquor from stores",Dollars,millions,98.3
3326,2014,British Columbia,Exports,Urban transit and parking,Dollars,millions,19.0
3327,2014,British Columbia,Exports,Miscellaneous products,Dollars,millions,747.5
3328,2014,British Columbia,Interprovincial demand (exports),Total tourism expenditures,Dollars,millions,3038.7
3329,2014,British Columbia,Interprovincial demand (exports),Total tourism products,Dollars,millions,2698.5
3330,2014,British Columbia,Interprovincial demand (exports),Total transportation,Dollars,millions,1321.8
3331,2014,British Columbia,Interprovincial demand (exports),Passenger air transport,Dollars,millions,947.6
3332,2014,British Columbia,Interprovincial demand (exports),Passenger rail transport,Dollars,millions,0.4
3333,2014,British Columbia,Interprovincial demand (exports),Passenger water transport,Dollars,millions,12.8
3334,2014,British Columbia,Interprovincial demand (exports),"Interurban, charter and tour bus transport",Dollars,millions,15.2
3335,2014,British Columbia,Interprovincial demand (exports),Taxis,Dollars,millions,16.8
3336,2014,British Columbia,Interprovincial demand (exports),Vehicle rental,Dollars,millions,78.6
3337,2014,British Columbia,Interprovincial demand (exports),Vehicle repairs and parts,Dollars,millions,101.3
3338,2014,British Columbia,Interprovincial demand (exports),Vehicle fuel,Dollars,millions,149.1
3339,2014,British Columbia,Interprovincial demand (exports),Total accommodation,Dollars,millions,474.7
3340,2014,British Columbia,Interprovincial demand (exports),Hotels,Dollars,millions,374.0
3341,2014,British Columbia,Interprovincial demand (exports),Motels,Dollars,millions,35.1
3342,2014,British Columbia,Interprovincial demand (exports),Camping,Dollars,millions,35.8
3343,2014,British Columbia,Interprovincial demand (exports),Other accommodation,Dollars,millions,29.8
3344,2014,British Columbia,Interprovincial demand (exports),Total food and beverage services,Dollars,millions,457.8
3345,2014,British Columbia,Interprovincial demand (exports),Meals from accommodation,Dollars,millions,27.5
3346,2014,British Columbia,Interprovincial demand (exports),Meals from restaurants,Dollars,millions,332.7
3347,2014,British Columbia,Interprovincial demand (exports),Alcoholic beverages from accommodation,Dollars,millions,23.9
3348,2014,British Columbia,Interprovincial demand (exports),Alcoholic beverages from restaurants,Dollars,millions,46.3
3349,2014,British Columbia,Interprovincial demand (exports),Meals and alcoholic beverages from other tourism industries,Dollars,millions,27.4
3350,2014,British Columbia,Interprovincial demand (exports),Total other tourism products,Dollars,millions,444.2
3351,2014,British Columbia,Interprovincial demand (exports),Recreation and entertainment,Dollars,millions,182.9
3352,2014,British Columbia,Interprovincial demand (exports),Travel services,Dollars,millions,244.8
3353,2014,British Columbia,Interprovincial demand (exports),Convention fees,Dollars,millions,16.5
3354,2014,British Columbia,Interprovincial demand (exports),Pre-trip expenses,Dollars,millions,0.0
3355,2014,British Columbia,Interprovincial demand (exports),Total other products,Dollars,millions,340.2
3356,2014,British Columbia,Interprovincial demand (exports),Groceries,Dollars,millions,149.7
3357,2014,British Columbia,Interprovincial demand (exports),"Beer, wine, and liquor from stores",Dollars,millions,32.8
3358,2014,British Columbia,Interprovincial demand (exports),Urban transit and parking,Dollars,millions,13.5
3359,2014,British Columbia,Interprovincial demand (exports),Miscellaneous products,Dollars,millions,144.2
3360,2014,British Columbia,International demand (exports),Total tourism expenditures,Dollars,millions,5762.4
3361,2014,British Columbia,International demand (exports),Total tourism products,Dollars,millions,4789.8
3362,2014,British Columbia,International demand (exports),Total transportation,Dollars,millions,2099.2
3363,2014,British Columbia,International demand (exports),Passenger air transport,Dollars,millions,1486.4
3364,2014,British Columbia,International demand (exports),Passenger rail transport,Dollars,millions,10.1
3365,2014,British Columbia,International demand (exports),Passenger water transport,Dollars,millions,235.8
3366,2014,British Columbia,International demand (exports),"Interurban, charter and tour bus transport",Dollars,millions,92.6
3367,2014,British Columbia,International demand (exports),Taxis,Dollars,millions,13.7
3368,2014,British Columbia,International demand (exports),Vehicle rental,Dollars,millions,85.7
3369,2014,British Columbia,International demand (exports),Vehicle repairs and parts,Dollars,millions,70.1
3370,2014,British Columbia,International demand (exports),Vehicle fuel,Dollars,millions,104.8
3371,2014,British Columbia,International demand (exports),Total accommodation,Dollars,millions,1210.4
3372,2014,British Columbia,International demand (exports),Hotels,Dollars,millions,1027.5
3373,2014,British Columbia,International demand (exports),Motels,Dollars,millions,60.2
3374,2014,British Columbia,International demand (exports),Camping,Dollars,millions,31.9
3375,2014,British Columbia,International demand (exports),Other accommodation,Dollars,millions,90.8
3376,2014,British Columbia,International demand (exports),Total food and beverage services,Dollars,millions,806.0
3377,2014,British Columbia,International demand (exports),Meals from accommodation,Dollars,millions,46.9
3378,2014,British Columbia,International demand (exports),Meals from restaurants,Dollars,millions,606.0
3379,2014,British Columbia,International demand (exports),Alcoholic beverages from accommodation,Dollars,millions,35.7
3380,2014,British Columbia,International demand (exports),Alcoholic beverages from restaurants,Dollars,millions,69.8
3381,2014,British Columbia,International demand (exports),Meals and alcoholic beverages from other tourism industries,Dollars,millions,47.6
3382,2014,British Columbia,International demand (exports),Total other tourism products,Dollars,millions,674.2
3383,2014,British Columbia,International demand (exports),Recreation and entertainment,Dollars,millions,462.7
3384,2014,British Columbia,International demand (exports),Travel services,Dollars,millions,142.8
3385,2014,British Columbia,International demand (exports),Convention fees,Dollars,millions,68.7
3386,2014,British Columbia,International demand (exports),Pre-trip expenses,Dollars,millions,0.0
3387,2014,British Columbia,International demand (exports),Total other products,Dollars,millions,972.6
3388,2014,British Columbia,International demand (exports),Groceries,Dollars,millions,298.4
3389,2014,British Columbia,International demand (exports),"Beer, wine, and liquor from stores",Dollars,millions,65.5
3390,2014,British Columbia,International demand (exports),Urban transit and parking,Dollars,millions,5.5
3391,2014,British Columbia,International demand (exports),Miscellaneous products,Dollars,millions,603.2
3392,2014,British Columbia,Imports,Total tourism expenditures,Dollars,millions,10269.8
3393,2014,British Columbia,Imports,Total tourism products,Dollars,millions,8949.1
3394,2014,British Columbia,Imports,Total transportation,Dollars,millions,3533.0
3403,2014,British Columbia,Imports,Total accommodation,Dollars,millions,2557.5
3408,2014,British Columbia,Imports,Total food and beverage services,Dollars,millions,1821.4
3414,2014,British Columbia,Imports,Total other tourism products,Dollars,millions,1037.2
3419,2014,British Columbia,Imports,Total other products,Dollars,millions,1320.7
3424,2014,British Columbia,Interprovincial imports,Total tourism expenditures,Dollars,millions,1490.4
3425,2014,British Columbia,Interprovincial imports,Total tourism products,Dollars,millions,1341.2
3426,2014,British Columbia,Interprovincial imports,Total transportation,Dollars,millions,591.0
3427,2014,British Columbia,Interprovincial imports,Passenger air transport,Dollars,millions,431.5
3428,2014,British Columbia,Interprovincial imports,Passenger rail transport,Dollars,millions,0.0
3429,2014,British Columbia,Interprovincial imports,Passenger water transport,Dollars,millions,3.1
3430,2014,British Columbia,Interprovincial imports,"Interurban, charter and tour bus transport",Dollars,millions,3.4
3431,2014,British Columbia,Interprovincial imports,Taxis,Dollars,millions,14.2
3432,2014,British Columbia,Interprovincial imports,Vehicle rental,Dollars,millions,41.9
3433,2014,British Columbia,Interprovincial imports,Vehicle repairs and parts,Dollars,millions,35.9
3434,2014,British Columbia,Interprovincial imports,Vehicle fuel,Dollars,millions,61.0
3435,2014,British Columbia,Interprovincial imports,Total accommodation,Dollars,millions,274.4
3436,2014,British Columbia,Interprovincial imports,Hotels,Dollars,millions,241.1
3437,2014,British Columbia,Interprovincial imports,Motels,Dollars,millions,9.7
3438,2014,British Columbia,Interprovincial imports,Camping,Dollars,millions,18.7
3439,2014,British Columbia,Interprovincial imports,Other accommodation,Dollars,millions,4.9
3440,2014,British Columbia,Interprovincial imports,Total food and beverage services,Dollars,millions,214.4
3441,2014,British Columbia,Interprovincial imports,Meals from accommodation,Dollars,millions,12.1
3442,2014,British Columbia,Interprovincial imports,Meals from restaurants,Dollars,millions,161.9
3443,2014,British Columbia,Interprovincial imports,Alcoholic beverages from accommodation,Dollars,millions,6.6
3444,2014,British Columbia,Interprovincial imports,Alcoholic beverages from restaurants,Dollars,millions,23.3
3445,2014,British Columbia,Interprovincial imports,Meals and alcoholic beverages from other tourism industries,Dollars,millions,10.5
3446,2014,British Columbia,Interprovincial imports,Total other tourism products,Dollars,millions,261.4
3447,2014,British Columbia,Interprovincial imports,Recreation and entertainment,Dollars,millions,40.9
3448,2014,British Columbia,Interprovincial imports,Travel services,Dollars,millions,215.1
3449,2014,British Columbia,Interprovincial imports,Convention fees,Dollars,millions,5.4
3451,2014,British Columbia,Interprovincial imports,Total other products,Dollars,millions,149.2
3452,2014,British Columbia,Interprovincial imports,Groceries,Dollars,millions,53.8
3453,2014,British Columbia,Interprovincial imports,"Beer, wine, and liquor from stores",Dollars,millions,10.9
3454,2014,British Columbia,Interprovincial imports,Urban transit and parking,Dollars,millions,8.9
3455,2014,British Columbia,Interprovincial imports,Miscellaneous products,Dollars,millions,75.6
3456,2014,British Columbia,International imports,Total tourism expenditures,Dollars,millions,8779.4
3457,2014,British Columbia,International imports,Total tourism products,Dollars,millions,7607.9
3458,2014,British Columbia,International imports,Total transportation,Dollars,millions,2942.1
3467,2014,British Columbia,International imports,Total accommodation,Dollars,millions,2283.1
3472,2014,British Columbia,International imports,Total food and beverage services,Dollars,millions,1607.0
3478,2014,British Columbia,International imports,Total other tourism products,Dollars,millions,775.8
3483,2014,British Columbia,International imports,Total other products,Dollars,millions,1171.5
4480,2017,Canada,Total domestic supply,Total tourism expenditures,Dollars,millions,3910989.7
4481,2017,Canada,Total domestic supply,Total tourism products,Dollars,millions,234359.8
4482,2017,Canada,Total domestic supply,Total transportation,Dollars,millions,102377.5
4483,2017,Canada,Total domestic supply,Passenger air transport,Dollars,millions,22849.1
4484,2017,Canada,Total domestic supply,Passenger rail transport,Dollars,millions,335.7
4485,2017,Canada,Total domestic supply,Passenger water transport,Dollars,millions,874.5
4486,2017,Canada,Total domestic supply,"Interurban, charter and tour bus transport",Dollars,millions,2469.2
4487,2017,Canada,Total domestic supply,Taxis,Dollars,millions,2901.9
4488,2017,Canada,Total domestic supply,Vehicle rental,Dollars,millions,3790.4
4489,2017,Canada,Total domestic supply,Vehicle repairs and parts,Dollars,millions,27867.4
4490,2017,Canada,Total domestic supply,Vehicle fuel,Dollars,millions,41289.3
4491,2017,Canada,Total domestic supply,Total accommodation,Dollars,millions,16147.0
4492,2017,Canada,Total domestic supply,Hotels,Dollars,millions,12930.5
4493,2017,Canada,Total domestic supply,Motels,Dollars,millions,884.4
4494,2017,Canada,Total domestic supply,Camping,Dollars,millions,1205.9
4495,2017,Canada,Total domestic supply,Other accommodation,Dollars,millions,1126.2
4496,2017,Canada,Total domestic supply,Total food and beverage services,Dollars,millions,78903.1
4497,2017,Canada,Total domestic supply,Meals from accommodation,Dollars,millions,2734.8
4498,2017,Canada,Total domestic supply,Meals from restaurants,Dollars,millions,62406.3
4499,2017,Canada,Total domestic supply,Alcoholic beverages from accommodation,Dollars,millions,1410.6
4500,2017,Canada,Total domestic supply,Alcoholic beverages from restaurants,Dollars,millions,9811.4
4501,2017,Canada,Total domestic supply,Meals and alcoholic beverages from other tourism industries,Dollars,millions,2540.0
4502,2017,Canada,Total domestic supply,Total other tourism products,Dollars,millions,36932.2
4503,2017,Canada,Total domestic supply,Recreation and entertainment,Dollars,millions,26568.5
4504,2017,Canada,Total domestic supply,Travel services,Dollars,millions,4886.2
4505,2017,Canada,Total domestic supply,Convention fees,Dollars,millions,971.5
4506,2017,Canada,Total domestic supply,Pre-trip expenses,Dollars,millions,4506.0
4507,2017,Canada,Total domestic supply,Total other products,Dollars,millions,3676629.9
4508,2017,Canada,Total domestic supply,Groceries,Dollars,millions,108691.2
4509,2017,Canada,Total domestic supply,"Beer, wine, and liquor from stores",Dollars,millions,22900.2
4510,2017,Canada,Total domestic supply,Urban transit and parking,Dollars,millions,4597.5
4511,2017,Canada,Total domestic supply,Miscellaneous products,Dollars,millions,3540441.0
4512,2017,Canada,Total demand,Total tourism expenditures,Dollars,millions,95998.0
4513,2017,Canada,Total demand,Total tourism products,Dollars,millions,81574.1
4514,2017,Canada,Total demand,Total transportation,Dollars,millions,35906.1
4515,2017,Canada,Total demand,Passenger air transport,Dollars,millions,20206.4
4516,2017,Canada,Total demand,Passenger rail transport,Dollars,millions,313.5
4517,2017,Canada,Total demand,Passenger water transport,Dollars,millions,521.2
4518,2017,Canada,Total demand,"Interurban, charter and tour bus transport",Dollars,millions,889.3
4519,2017,Canada,Total demand,Taxis,Dollars,millions,482.8
4520,2017,Canada,Total demand,Vehicle rental,Dollars,millions,1442.6
4521,2017,Canada,Total demand,Vehicle repairs and parts,Dollars,millions,4877.0
4522,2017,Canada,Total demand,Vehicle fuel,Dollars,millions,7173.3
4523,2017,Canada,Total demand,Total accommodation,Dollars,millions,14611.0
4524,2017,Canada,Total demand,Hotels,Dollars,millions,11655.6
4525,2017,Canada,Total demand,Motels,Dollars,millions,728.0
4526,2017,Canada,Total demand,Camping,Dollars,millions,1136.1
4527,2017,Canada,Total demand,Other accommodation,Dollars,millions,1091.3
4528,2017,Canada,Total demand,Total food and beverage services,Dollars,millions,14937.8
4529,2017,Canada,Total demand,Meals from accommodation,Dollars,millions,525.9
4530,2017,Canada,Total demand,Meals from restaurants,Dollars,millions,11789.2
4531,2017,Canada,Total demand,Alcoholic beverages from accommodation,Dollars,millions,265.0
4532,2017,Canada,Total demand,Alcoholic beverages from restaurants,Dollars,millions,1879.5
4533,2017,Canada,Total demand,Meals and alcoholic beverages from other tourism industries,Dollars,millions,478.2
4534,2017,Canada,Total demand,Total other tourism products,Dollars,millions,16119.2
4535,2017,Canada,Total demand,Recreation and entertainment,Dollars,millions,5933.8
4536,2017,Canada,Total demand,Travel services,Dollars,millions,4788.5
4537,2017,Canada,Total demand,Convention fees,Dollars,millions,890.9
4538,2017,Canada,Total demand,Pre-trip expenses,Dollars,millions,4506.0
4539,2017,Canada,Total demand,Total other products,Dollars,millions,14423.9
4540,2017,Canada,Total demand,Groceries,Dollars,millions,5301.2
4541,2017,Canada,Total demand,"Beer, wine, and liquor from stores",Dollars,millions,1126.7
4542,2017,Canada,Total demand,Urban transit and parking,Dollars,millions,223.6
4543,2017,Canada,Total demand,Miscellaneous products,Dollars,millions,7772.4
4544,2017,Canada,Domestic demand,Total tourism expenditures,Dollars,millions,53462.7
4545,2017,Canada,Domestic demand,Total tourism products,Dollars,millions,45489.3
4546,2017,Canada,Domestic demand,Total transportation,Dollars,millions,21605.7
4547,2017,Canada,Domestic demand,Passenger air transport,Dollars,millions,10672.2
4548,2017,Canada,Domestic demand,Passenger rail transport,Dollars,millions,180.5
4549,2017,Canada,Domestic demand,Passenger water transport,Dollars,millions,217.6
4550,2017,Canada,Domestic demand,"Interurban, charter and tour bus transport",Dollars,millions,332.4
4551,2017,Canada,Domestic demand,Taxis,Dollars,millions,237.2
4552,2017,Canada,Domestic demand,Vehicle rental,Dollars,millions,316.4
4553,2017,Canada,Domestic demand,Vehicle repairs and parts,Dollars,millions,3902.3
4554,2017,Canada,Domestic demand,Vehicle fuel,Dollars,millions,5747.1
4555,2017,Canada,Domestic demand,Total accommodation,Dollars,millions,5045.0
4556,2017,Canada,Domestic demand,Hotels,Dollars,millions,3639.8
4557,2017,Canada,Domestic demand,Motels,Dollars,millions,318.8
4558,2017,Canada,Domestic demand,Camping,Dollars,millions,746.2
4559,2017,Canada,Domestic demand,Other accommodation,Dollars,millions,340.2
4560,2017,Canada,Domestic demand,Total food and beverage services,Dollars,millions,8298.3
4561,2017,Canada,Domestic demand,Meals from accommodation,Dollars,millions,277.7
4562,2017,Canada,Domestic demand,Meals from restaurants,Dollars,millions,6567.1
4563,2017,Canada,Domestic demand,Alcoholic beverages from accommodation,Dollars,millions,139.6
4564,2017,Canada,Domestic demand,Alcoholic beverages from restaurants,Dollars,millions,1045.3
4565,2017,Canada,Domestic demand,Meals and alcoholic beverages from other tourism industries,Dollars,millions,268.6
4566,2017,Canada,Domestic demand,Total other tourism products,Dollars,millions,10540.3
4567,2017,Canada,Domestic demand,Recreation and entertainment,Dollars,millions,2947.7
4568,2017,Canada,Domestic demand,Travel services,Dollars,millions,2626.0
4569,2017,Canada,Domestic demand,Convention fees,Dollars,millions,460.6
4570,2017,Canada,Domestic demand,Pre-trip expenses,Dollars,millions,4506.0
4571,2017,Canada,Domestic demand,Total other products,Dollars,millions,7973.4
4572,2017,Canada,Domestic demand,Groceries,Dollars,millions,3099.7
4573,2017,Canada,Domestic demand,"Beer, wine, and liquor from stores",Dollars,millions,652.7
4574,2017,Canada,Domestic demand,Urban transit and parking,Dollars,millions,152.9
4575,2017,Canada,Domestic demand,Miscellaneous products,Dollars,millions,4068.1
4576,2017,Canada,Exports,Total tourism expenditures,Dollars,millions,42535.5
4577,2017,Canada,Exports,Total tourism products,Dollars,millions,36084.9
4578,2017,Canada,Exports,Total transportation,Dollars,millions,14300.5
4579,2017,Canada,Exports,Passenger air transport,Dollars,millions,9534.2
4580,2017,Canada,Exports,Passenger rail transport,Dollars,millions,133.0
4581,2017,Canada,Exports,Passenger water transport,Dollars,millions,303.6
4582,2017,Canada,Exports,"Interurban, charter and tour bus transport",Dollars,millions,556.9
4583,2017,Canada,Exports,Taxis,Dollars,millions,245.7
4584,2017,Canada,Exports,Vehicle rental,Dollars,millions,1126.2
4585,2017,Canada,Exports,Vehicle repairs and parts,Dollars,millions,974.7
4586,2017,Canada,Exports,Vehicle fuel,Dollars,millions,1426.2
4587,2017,Canada,Exports,Total accommodation,Dollars,millions,9565.9
4588,2017,Canada,Exports,Hotels,Dollars,millions,8015.8
4589,2017,Canada,Exports,Motels,Dollars,millions,409.1
4590,2017,Canada,Exports,Camping,Dollars,millions,389.9
4591,2017,Canada,Exports,Other accommodation,Dollars,millions,751.1
4592,2017,Canada,Exports,Total food and beverage services,Dollars,millions,6639.6
4593,2017,Canada,Exports,Meals from accommodation,Dollars,millions,248.2
4594,2017,Canada,Exports,Meals from restaurants,Dollars,millions,5222.1
4595,2017,Canada,Exports,Alcoholic beverages from accommodation,Dollars,millions,125.4
4596,2017,Canada,Exports,Alcoholic beverages from restaurants,Dollars,millions,834.2
4597,2017,Canada,Exports,Meals and alcoholic beverages from other tourism industries,Dollars,millions,209.7
4598,2017,Canada,Exports,Total other tourism products,Dollars,millions,5578.9
4599,2017,Canada,Exports,Recreation and entertainment,Dollars,millions,2986.1
4600,2017,Canada,Exports,Travel services,Dollars,millions,2162.4
4601,2017,Canada,Exports,Convention fees,Dollars,millions,430.4
4602,2017,Canada,Exports,Pre-trip expenses,Dollars,millions,0.0
4603,2017,Canada,Exports,Total other products,Dollars,millions,6450.6
4604,2017,Canada,Exports,Groceries,Dollars,millions,2201.5
4605,2017,Canada,Exports,"Beer, wine, and liquor from stores",Dollars,millions,474.0
4606,2017,Canada,Exports,Urban transit and parking,Dollars,millions,70.8
4607,2017,Canada,Exports,Miscellaneous products,Dollars,millions,3704.3
4608,2017,Canada,Interprovincial demand (exports),Total tourism expenditures,Dollars,millions,16592.3
4609,2017,Canada,Interprovincial demand (exports),Total tourism products,Dollars,millions,14607.1
4610,2017,Canada,Interprovincial demand (exports),Total transportation,Dollars,millions,6132.2
4611,2017,Canada,Interprovincial demand (exports),Passenger air transport,Dollars,millions,3998.1
4612,2017,Canada,Interprovincial demand (exports),Passenger rail transport,Dollars,millions,54.1
4613,2017,Canada,Interprovincial demand (exports),Passenger water transport,Dollars,millions,35.6
4614,2017,Canada,Interprovincial demand (exports),"Interurban, charter and tour bus transport",Dollars,millions,66.3
4615,2017,Canada,Interprovincial demand (exports),Taxis,Dollars,millions,102.2
4616,2017,Canada,Interprovincial demand (exports),Vehicle rental,Dollars,millions,498.9
4617,2017,Canada,Interprovincial demand (exports),Vehicle repairs and parts,Dollars,millions,564.6
4618,2017,Canada,Interprovincial demand (exports),Vehicle fuel,Dollars,millions,812.4
4619,2017,Canada,Interprovincial demand (exports),Total accommodation,Dollars,millions,3163.3
4620,2017,Canada,Interprovincial demand (exports),Hotels,Dollars,millions,2701.2
4621,2017,Canada,Interprovincial demand (exports),Motels,Dollars,millions,146.9
4622,2017,Canada,Interprovincial demand (exports),Camping,Dollars,millions,174.2
4623,2017,Canada,Interprovincial demand (exports),Other accommodation,Dollars,millions,141.0
4624,2017,Canada,Interprovincial demand (exports),Total food and beverage services,Dollars,millions,2744.2
4625,2017,Canada,Interprovincial demand (exports),Meals from accommodation,Dollars,millions,110.0
4626,2017,Canada,Interprovincial demand (exports),Meals from restaurants,Dollars,millions,2150.4
4627,2017,Canada,Interprovincial demand (exports),Alcoholic beverages from accommodation,Dollars,millions,56.7
4628,2017,Canada,Interprovincial demand (exports),Alcoholic beverages from restaurants,Dollars,millions,338.8
4629,2017,Canada,Interprovincial demand (exports),Meals and alcoholic beverages from other tourism industries,Dollars,millions,88.3
4630,2017,Canada,Interprovincial demand (exports),Total other tourism products,Dollars,millions,2567.4
4631,2017,Canada,Interprovincial demand (exports),Recreation and entertainment,Dollars,millions,904.9
4632,2017,Canada,Interprovincial demand (exports),Travel services,Dollars,millions,1568.6
4633,2017,Canada,Interprovincial demand (exports),Convention fees,Dollars,millions,93.9
4634,2017,Canada,Interprovincial demand (exports),Pre-trip expenses,Dollars,millions,0.0
4635,2017,Canada,Interprovincial demand (exports),Total other products,Dollars,millions,1985.2
4636,2017,Canada,Interprovincial demand (exports),Groceries,Dollars,millions,832.3
4637,2017,Canada,Interprovincial demand (exports),"Beer, wine, and liquor from stores",Dollars,millions,181.8
4638,2017,Canada,Interprovincial demand (exports),Urban transit and parking,Dollars,millions,50.9
4639,2017,Canada,Interprovincial demand (exports),Miscellaneous products,Dollars,millions,920.2
4640,2017,Canada,International demand (exports),Total tourism expenditures,Dollars,millions,25943.1
4641,2017,Canada,International demand (exports),Total tourism products,Dollars,millions,21477.7
4642,2017,Canada,International demand (exports),Total transportation,Dollars,millions,8168.3
4643,2017,Canada,International demand (exports),Passenger air transport,Dollars,millions,5536.1
4644,2017,Canada,International demand (exports),Passenger rail transport,Dollars,millions,78.9
4645,2017,Canada,International demand (exports),Passenger water transport,Dollars,millions,268.0
4646,2017,Canada,International demand (exports),"Interurban, charter and tour bus transport",Dollars,millions,490.6
4647,2017,Canada,International demand (exports),Taxis,Dollars,millions,143.5
4648,2017,Canada,International demand (exports),Vehicle rental,Dollars,millions,627.3
4649,2017,Canada,International demand (exports),Vehicle repairs and parts,Dollars,millions,410.1
4650,2017,Canada,International demand (exports),Vehicle fuel,Dollars,millions,613.8
4651,2017,Canada,International demand (exports),Total accommodation,Dollars,millions,6402.5
4652,2017,Canada,International demand (exports),Hotels,Dollars,millions,5314.6
4653,2017,Canada,International demand (exports),Motels,Dollars,millions,262.2
4654,2017,Canada,International demand (exports),Camping,Dollars,millions,215.6
4655,2017,Canada,International demand (exports),Other accommodation,Dollars,millions,610.1
4656,2017,Canada,International demand (exports),Total food and beverage services,Dollars,millions,3895.5
4657,2017,Canada,International demand (exports),Meals from accommodation,Dollars,millions,138.2
4658,2017,Canada,International demand (exports),Meals from restaurants,Dollars,millions,3071.8
4659,2017,Canada,International demand (exports),Alcoholic beverages from accommodation,Dollars,millions,68.7
4660,2017,Canada,International demand (exports),Alcoholic beverages from restaurants,Dollars,millions,495.4
4661,2017,Canada,International demand (exports),Meals and alcoholic beverages from other tourism industries,Dollars,millions,121.4
4662,2017,Canada,International demand (exports),Total other tourism products,Dollars,millions,3011.4
4663,2017,Canada,International demand (exports),Recreation and entertainment,Dollars,millions,2081.2
4664,2017,Canada,International demand (exports),Travel services,Dollars,millions,593.8
4665,2017,Canada,International demand (exports),Convention fees,Dollars,millions,336.4
4666,2017,Canada,International demand (exports),Pre-trip expenses,Dollars,millions,0.0
4667,2017,Canada,International demand (exports),Total other products,Dollars,millions,4465.4
4668,2017,Canada,International demand (exports),Groceries,Dollars,millions,1369.2
4669,2017,Canada,International demand (exports),"Beer, wine, and liquor from stores",Dollars,millions,292.2
4670,2017,Canada,International demand (exports),Urban transit and parking,Dollars,millions,19.9
4671,2017,Canada,International demand (exports),Miscellaneous products,Dollars,millions,2784.1
4672,2017,Canada,Imports,Total tourism expenditures,Dollars,millions,67791.4
4673,2017,Canada,Imports,Total tourism products,Dollars,millions,59631.4
4674,2017,Canada,Imports,Total transportation,Dollars,millions,23552.0
4683,2017,Canada,Imports,Total accommodation,Dollars,millions,17915.0
4688,2017,Canada,Imports,Total food and beverage services,Dollars,millions,11527.7
4694,2017,Canada,Imports,Total other tourism products,Dollars,millions,6636.7
4699,2017,Canada,Imports,Total other products,Dollars,millions,8159.9
4704,2017,Canada,Interprovincial imports,Total tourism expenditures,Dollars,millions,16592.3
4705,2017,Canada,Interprovincial imports,Total tourism products,Dollars,millions,14607.1
4706,2017,Canada,Interprovincial imports,Total transportation,Dollars,millions,6132.2
4707,2017,Canada,Interprovincial imports,Passenger air transport,Dollars,millions,3998.1
4708,2017,Canada,Interprovincial imports,Passenger rail transport,Dollars,millions,54.1
4709,2017,Canada,Interprovincial imports,Passenger water transport,Dollars,millions,35.6
4710,2017,Canada,Interprovincial imports,"Interurban, charter and tour bus transport",Dollars,millions,66.3
4711,2017,Canada,Interprovincial imports,Taxis,Dollars,millions,102.2
4712,2017,Canada,Interprovincial imports,Vehicle rental,Dollars,millions,498.9
4713,2017,Canada,Interprovincial imports,Vehicle repairs and parts,Dollars,millions,564.6
4714,2017,Canada,Interprovincial imports,Vehicle fuel,Dollars,millions,812.4
4715,2017,Canada,Interprovincial imports,Total accommodation,Dollars,millions,3163.3
4716,2017,Canada,Interprovincial imports,Hotels,Dollars,millions,2701.2
4717,2017,Canada,Interprovincial imports,Motels,Dollars,millions,146.9
4718,2017,Canada,Interprovincial imports,Camping,Dollars,millions,174.2
4719,2017,Canada,Interprovincial imports,Other accommodation,Dollars,millions,141.0
4720,2017,Canada,Interprovincial imports,Total food and beverage services,Dollars,millions,2744.2
4721,2017,Canada,Interprovincial imports,Meals from accommodation,Dollars,millions,110.0
4722,2017,Canada,Interprovincial imports,Meals from restaurants,Dollars,millions,2150.4
4723,2017,Canada,Interprovincial imports,Alcoholic beverages from accommodation,Dollars,millions,56.7
4724,2017,Canada,Interprovincial imports,Alcoholic beverages from restaurants,Dollars,millions,338.8
4725,2017,Canada,Interprovincial imports,Meals and alcoholic beverages from other tourism industries,Dollars,millions,88.3
4726,2017,Canada,Interprovincial imports,Total other tourism products,Dollars,millions,2567.4
4727,2017,Canada,Interprovincial imports,Recreation and entertainment,Dollars,millions,904.9
4728,2017,Canada,Interprovincial imports,Travel services,Dollars,millions,1568.6
4729,2017,Canada,Interprovincial imports,Convention fees,Dollars,millions,93.9
4730,2017,Canada,Interprovincial imports,Pre-trip expenses,Dollars,millions,0.0
4731,2017,Canada,Interprovincial imports,Total other products,Dollars,millions,1985.2
4732,2017,Canada,Interprovincial imports,Groceries,Dollars,millions,832.3
4733,2017,Canada,Interprovincial imports,"Beer, wine, and liquor from stores",Dollars,millions,181.8
4734,2017,Canada,Interprovincial imports,Urban transit and parking,Dollars,millions,50.9
4735,2017,Canada,Interprovincial imports,Miscellaneous products,Dollars,millions,920.2
4736,2017,Canada,International imports,Total tourism expenditures,Dollars,millions,51199.0
4737,2017,Canada,International imports,Total tourism products,Dollars,millions,45024.3
4738,2017,Canada,International imports,Total transportation,Dollars,millions,17419.8
4747,2017,Canada,International imports,Total accommodation,Dollars,millions,14751.7
4752,2017,Canada,International imports,Total food and beverage services,Dollars,millions,8783.6
4758,2017,Canada,International imports,Total other tourism products,Dollars,millions,4069.2
4763,2017,Canada,International imports,Total other products,Dollars,millions,6174.7
7680,2017,British Columbia,Total domestic supply,Total tourism expenditures,Dollars,millions,483396.0
7681,2017,British Columbia,Total domestic supply,Total tourism products,Dollars,millions,39301.4
7682,2017,British Columbia,Total domestic supply,Total transportation,Dollars,millions,16164.5
7683,2017,British Columbia,Total domestic supply,Passenger air transport,Dollars,millions,4975.5
7684,2017,British Columbia,Total domestic supply,Passenger rail transport,Dollars,millions,34.3
7685,2017,British Columbia,Total domestic supply,Passenger water transport,Dollars,millions,648.6
7686,2017,British Columbia,Total domestic supply,"Interurban, charter and tour bus transport",Dollars,millions,508.6
7687,2017,British Columbia,Total domestic supply,Taxis,Dollars,millions,401.2
7688,2017,British Columbia,Total domestic supply,Vehicle rental,Dollars,millions,577.1
7689,2017,British Columbia,Total domestic supply,Vehicle repairs and parts,Dollars,millions,3920.0
7690,2017,British Columbia,Total domestic supply,Vehicle fuel,Dollars,millions,5099.2
7691,2017,British Columbia,Total domestic supply,Total accommodation,Dollars,millions,3309.0
7692,2017,British Columbia,Total domestic supply,Hotels,Dollars,millions,2684.1
7693,2017,British Columbia,Total domestic supply,Motels,Dollars,millions,203.5
7694,2017,British Columbia,Total domestic supply,Camping,Dollars,millions,156.2
7695,2017,British Columbia,Total domestic supply,Other accommodation,Dollars,millions,265.2
7696,2017,British Columbia,Total domestic supply,Total food and beverage services,Dollars,millions,13294.1
7697,2017,British Columbia,Total domestic supply,Meals from accommodation,Dollars,millions,485.7
7698,2017,British Columbia,Total domestic supply,Meals from restaurants,Dollars,millions,10458.6
7699,2017,British Columbia,Total domestic supply,Alcoholic beverages from accommodation,Dollars,millions,284.6
7700,2017,British Columbia,Total domestic supply,Alcoholic beverages from restaurants,Dollars,millions,1682.8
7701,2017,British Columbia,Total domestic supply,Meals and alcoholic beverages from other tourism industries,Dollars,millions,382.4
7702,2017,British Columbia,Total domestic supply,Total other tourism products,Dollars,millions,6533.8
7703,2017,British Columbia,Total domestic supply,Recreation and entertainment,Dollars,millions,4599.7
7704,2017,British Columbia,Total domestic supply,Travel services,Dollars,millions,970.6
7705,2017,British Columbia,Total domestic supply,Convention fees,Dollars,millions,196.5
7706,2017,British Columbia,Total domestic supply,Pre-trip expenses,Dollars,millions,767.0
7707,2017,British Columbia,Total domestic supply,Total other products,Dollars,millions,444094.6
7708,2017,British Columbia,Total domestic supply,Groceries,Dollars,millions,15830.0
7709,2017,British Columbia,Total domestic supply,"Beer, wine, and liquor from stores",Dollars,millions,3615.2
7710,2017,British Columbia,Total domestic supply,Urban transit and parking,Dollars,millions,640.1
7711,2017,British Columbia,Total domestic supply,Miscellaneous products,Dollars,millions,424009.3
7712,2017,British Columbia,Total demand,Total tourism expenditures,Dollars,millions,19541.5
7713,2017,British Columbia,Total demand,Total tourism products,Dollars,millions,16801.0
7714,2017,British Columbia,Total demand,Total transportation,Dollars,millions,7360.0
7715,2017,British Columbia,Total demand,Passenger air transport,Dollars,millions,4548.7
7716,2017,British Columbia,Total demand,Passenger rail transport,Dollars,millions,32.0
7717,2017,British Columbia,Total demand,Passenger water transport,Dollars,millions,445.1
7718,2017,British Columbia,Total demand,"Interurban, charter and tour bus transport",Dollars,millions,212.7
7719,2017,British Columbia,Total demand,Taxis,Dollars,millions,73.0
7720,2017,British Columbia,Total demand,Vehicle rental,Dollars,millions,301.3
7721,2017,British Columbia,Total demand,Vehicle repairs and parts,Dollars,millions,760.6
7722,2017,British Columbia,Total demand,Vehicle fuel,Dollars,millions,986.6
7723,2017,British Columbia,Total demand,Total accommodation,Dollars,millions,3190.9
7724,2017,British Columbia,Total demand,Hotels,Dollars,millions,2586.2
7725,2017,British Columbia,Total demand,Motels,Dollars,millions,200.5
7726,2017,British Columbia,Total demand,Camping,Dollars,millions,147.2
7727,2017,British Columbia,Total demand,Other accommodation,Dollars,millions,257.0
7728,2017,British Columbia,Total demand,Total food and beverage services,Dollars,millions,2957.5
7729,2017,British Columbia,Total demand,Meals from accommodation,Dollars,millions,109.4
7730,2017,British Columbia,Total demand,Meals from restaurants,Dollars,millions,2316.5
7731,2017,British Columbia,Total demand,Alcoholic beverages from accommodation,Dollars,millions,64.9
7732,2017,British Columbia,Total demand,Alcoholic beverages from restaurants,Dollars,millions,381.5
7733,2017,British Columbia,Total demand,Meals and alcoholic beverages from other tourism industries,Dollars,millions,85.2
7734,2017,British Columbia,Total demand,Total other tourism products,Dollars,millions,3292.6
7735,2017,British Columbia,Total demand,Recreation and entertainment,Dollars,millions,1385.0
7736,2017,British Columbia,Total demand,Travel services,Dollars,millions,951.2
7737,2017,British Columbia,Total demand,Convention fees,Dollars,millions,189.4
7738,2017,British Columbia,Total demand,Pre-trip expenses,Dollars,millions,767.0
7739,2017,British Columbia,Total demand,Total other products,Dollars,millions,2740.5
7740,2017,British Columbia,Total demand,Groceries,Dollars,millions,1106.9
7741,2017,British Columbia,Total demand,"Beer, wine, and liquor from stores",Dollars,millions,259.6
7742,2017,British Columbia,Total demand,Urban transit and parking,Dollars,millions,48.4
7743,2017,British Columbia,Total demand,Miscellaneous products,Dollars,millions,1325.6
7744,2017,British Columbia,Domestic demand,Total tourism expenditures,Dollars,millions,7702.3
7745,2017,British Columbia,Domestic demand,Total tourism products,Dollars,millions,6712.2
7746,2017,British Columbia,Domestic demand,Total transportation,Dollars,millions,3134.0
7747,2017,British Columbia,Domestic demand,Passenger air transport,Dollars,millions,1623.5
7748,2017,British Columbia,Domestic demand,Passenger rail transport,Dollars,millions,17.0
7749,2017,British Columbia,Domestic demand,Passenger water transport,Dollars,millions,184.6
7750,2017,British Columbia,Domestic demand,"Interurban, charter and tour bus transport",Dollars,millions,72.0
7751,2017,British Columbia,Domestic demand,Taxis,Dollars,millions,35.6
7752,2017,British Columbia,Domestic demand,Vehicle rental,Dollars,millions,61.9
7753,2017,British Columbia,Domestic demand,Vehicle repairs and parts,Dollars,millions,495.2
7754,2017,British Columbia,Domestic demand,Vehicle fuel,Dollars,millions,644.2
7755,2017,British Columbia,Domestic demand,Total accommodation,Dollars,millions,823.4
7756,2017,British Columbia,Domestic demand,Hotels,Dollars,millions,628.0
7757,2017,British Columbia,Domestic demand,Motels,Dollars,millions,82.9
7758,2017,British Columbia,Domestic demand,Camping,Dollars,millions,82.2
7759,2017,British Columbia,Domestic demand,Other accommodation,Dollars,millions,30.3
7760,2017,British Columbia,Domestic demand,Total food and beverage services,Dollars,millions,1154.2
7761,2017,British Columbia,Domestic demand,Meals from accommodation,Dollars,millions,41.9
7762,2017,British Columbia,Domestic demand,Meals from restaurants,Dollars,millions,902.6
7763,2017,British Columbia,Domestic demand,Alcoholic beverages from accommodation,Dollars,millions,25.5
7764,2017,British Columbia,Domestic demand,Alcoholic beverages from restaurants,Dollars,millions,150.9
7765,2017,British Columbia,Domestic demand,Meals and alcoholic beverages from other tourism industries,Dollars,millions,33.3
7766,2017,British Columbia,Domestic demand,Total other tourism products,Dollars,millions,1600.6
7767,2017,British Columbia,Domestic demand,Recreation and entertainment,Dollars,millions,402.3
7768,2017,British Columbia,Domestic demand,Travel services,Dollars,millions,375.1
7769,2017,British Columbia,Domestic demand,Convention fees,Dollars,millions,56.2
7770,2017,British Columbia,Domestic demand,Pre-trip expenses,Dollars,millions,767.0
7771,2017,British Columbia,Domestic demand,Total other products,Dollars,millions,990.1
7772,2017,British Columbia,Domestic demand,Groceries,Dollars,millions,459.5
7773,2017,British Columbia,Domestic demand,"Beer, wine, and liquor from stores",Dollars,millions,107.8
7774,2017,British Columbia,Domestic demand,Urban transit and parking,Dollars,millions,29.1
7775,2017,British Columbia,Domestic demand,Miscellaneous products,Dollars,millions,393.7
7776,2017,British Columbia,Exports,Total tourism expenditures,Dollars,millions,11839.0
7777,2017,British Columbia,Exports,Total tourism products,Dollars,millions,10088.6
7778,2017,British Columbia,Exports,Total transportation,Dollars,millions,4226.0
7779,2017,British Columbia,Exports,Passenger air transport,Dollars,millions,2925.3
7780,2017,British Columbia,Exports,Passenger rail transport,Dollars,millions,14.9
7781,2017,British Columbia,Exports,Passenger water transport,Dollars,millions,260.5
7782,2017,British Columbia,Exports,"Interurban, charter and tour bus transport",Dollars,millions,140.7
7783,2017,British Columbia,Exports,Taxis,Dollars,millions,37.4
7784,2017,British Columbia,Exports,Vehicle rental,Dollars,millions,239.4
7785,2017,British Columbia,Exports,Vehicle repairs and parts,Dollars,millions,265.4
7786,2017,British Columbia,Exports,Vehicle fuel,Dollars,millions,342.4
7787,2017,British Columbia,Exports,Total accommodation,Dollars,millions,2367.4
7788,2017,British Columbia,Exports,Hotels,Dollars,millions,1958.2
7789,2017,British Columbia,Exports,Motels,Dollars,millions,117.5
7790,2017,British Columbia,Exports,Camping,Dollars,millions,65.0
7791,2017,British Columbia,Exports,Other accommodation,Dollars,millions,226.7
7792,2017,British Columbia,Exports,Total food and beverage services,Dollars,millions,1803.3
7793,2017,British Columbia,Exports,Meals from accommodation,Dollars,millions,67.5
7794,2017,British Columbia,Exports,Meals from restaurants,Dollars,millions,1413.9
7795,2017,British Columbia,Exports,Alcoholic beverages from accommodation,Dollars,millions,39.4
7796,2017,British Columbia,Exports,Alcoholic beverages from restaurants,Dollars,millions,230.6
7797,2017,British Columbia,Exports,Meals and alcoholic beverages from other tourism industries,Dollars,millions,51.9
7798,2017,British Columbia,Exports,Total other tourism products,Dollars,millions,1691.9
7799,2017,British Columbia,Exports,Recreation and entertainment,Dollars,millions,982.7
7800,2017,British Columbia,Exports,Travel services,Dollars,millions,576.1
7801,2017,British Columbia,Exports,Convention fees,Dollars,millions,133.1
7802,2017,British Columbia,Exports,Pre-trip expenses,Dollars,millions,0.0
7803,2017,British Columbia,Exports,Total other products,Dollars,millions,1750.4
7804,2017,British Columbia,Exports,Groceries,Dollars,millions,647.4
7805,2017,British Columbia,Exports,"Beer, wine, and liquor from stores",Dollars,millions,151.8
7806,2017,British Columbia,Exports,Urban transit and parking,Dollars,millions,19.3
7807,2017,British Columbia,Exports,Miscellaneous products,Dollars,millions,931.9
7808,2017,British Columbia,Interprovincial demand (exports),Total tourism expenditures,Dollars,millions,4030.0
7809,2017,British Columbia,Interprovincial demand (exports),Total tourism products,Dollars,millions,3568.5
7810,2017,British Columbia,Interprovincial demand (exports),Total transportation,Dollars,millions,1507.0
7811,2017,British Columbia,Interprovincial demand (exports),Passenger air transport,Dollars,millions,994.6
7812,2017,British Columbia,Interprovincial demand (exports),Passenger rail transport,Dollars,millions,3.4
7813,2017,British Columbia,Interprovincial demand (exports),Passenger water transport,Dollars,millions,24.0
7814,2017,British Columbia,Interprovincial demand (exports),"Interurban, charter and tour bus transport",Dollars,millions,9.1
7815,2017,British Columbia,Interprovincial demand (exports),Taxis,Dollars,millions,15.6
7816,2017,British Columbia,Interprovincial demand (exports),Vehicle rental,Dollars,millions,128.1
7817,2017,British Columbia,Interprovincial demand (exports),Vehicle repairs and parts,Dollars,millions,145.6
7818,2017,British Columbia,Interprovincial demand (exports),Vehicle fuel,Dollars,millions,186.6
7819,2017,British Columbia,Interprovincial demand (exports),Total accommodation,Dollars,millions,708.7
7820,2017,British Columbia,Interprovincial demand (exports),Hotels,Dollars,millions,616.2
7821,2017,British Columbia,Interprovincial demand (exports),Motels,Dollars,millions,32.0
7822,2017,British Columbia,Interprovincial demand (exports),Camping,Dollars,millions,27.7
7823,2017,British Columbia,Interprovincial demand (exports),Other accommodation,Dollars,millions,32.8
7824,2017,British Columbia,Interprovincial demand (exports),Total food and beverage services,Dollars,millions,687.9
7825,2017,British Columbia,Interprovincial demand (exports),Meals from accommodation,Dollars,millions,26.8
7826,2017,British Columbia,Interprovincial demand (exports),Meals from restaurants,Dollars,millions,536.4
7827,2017,British Columbia,Interprovincial demand (exports),Alcoholic beverages from accommodation,Dollars,millions,15.5
7828,2017,British Columbia,Interprovincial demand (exports),Alcoholic beverages from restaurants,Dollars,millions,89.4
7829,2017,British Columbia,Interprovincial demand (exports),Meals and alcoholic beverages from other tourism industries,Dollars,millions,19.8
7830,2017,British Columbia,Interprovincial demand (exports),Total other tourism products,Dollars,millions,664.9
7831,2017,British Columbia,Interprovincial demand (exports),Recreation and entertainment,Dollars,millions,290.2
7832,2017,British Columbia,Interprovincial demand (exports),Travel services,Dollars,millions,350.9
7833,2017,British Columbia,Interprovincial demand (exports),Convention fees,Dollars,millions,23.8
7834,2017,British Columbia,Interprovincial demand (exports),Pre-trip expenses,Dollars,millions,0.0
7835,2017,British Columbia,Interprovincial demand (exports),Total other products,Dollars,millions,461.5
7836,2017,British Columbia,Interprovincial demand (exports),Groceries,Dollars,millions,229.5
7837,2017,British Columbia,Interprovincial demand (exports),"Beer, wine, and liquor from stores",Dollars,millions,53.8
7838,2017,British Columbia,Interprovincial demand (exports),Urban transit and parking,Dollars,millions,11.7
7839,2017,British Columbia,Interprovincial demand (exports),Miscellaneous products,Dollars,millions,166.5
7840,2017,British Columbia,International demand (exports),Total tourism expenditures,Dollars,millions,7809.2
7841,2017,British Columbia,International demand (exports),Total tourism products,Dollars,millions,6520.3
7842,2017,British Columbia,International demand (exports),Total transportation,Dollars,millions,2719.1
7843,2017,British Columbia,International demand (exports),Passenger air transport,Dollars,millions,1930.6
7844,2017,British Columbia,International demand (exports),Passenger rail transport,Dollars,millions,11.6
7845,2017,British Columbia,International demand (exports),Passenger water transport,Dollars,millions,236.5
7846,2017,British Columbia,International demand (exports),"Interurban, charter and tour bus transport",Dollars,millions,131.6
7847,2017,British Columbia,International demand (exports),Taxis,Dollars,millions,21.8
7848,2017,British Columbia,International demand (exports),Vehicle rental,Dollars,millions,111.3
7849,2017,British Columbia,International demand (exports),Vehicle repairs and parts,Dollars,millions,119.8
7850,2017,British Columbia,International demand (exports),Vehicle fuel,Dollars,millions,155.9
7851,2017,British Columbia,International demand (exports),Total accommodation,Dollars,millions,1658.7
7852,2017,British Columbia,International demand (exports),Hotels,Dollars,millions,1342.0
7853,2017,British Columbia,International demand (exports),Motels,Dollars,millions,85.5
7854,2017,British Columbia,International demand (exports),Camping,Dollars,millions,37.3
7855,2017,British Columbia,International demand (exports),Other accommodation,Dollars,millions,193.9
7856,2017,British Columbia,International demand (exports),Total food and beverage services,Dollars,millions,1115.4
7857,2017,British Columbia,International demand (exports),Meals from accommodation,Dollars,millions,40.7
7858,2017,British Columbia,International demand (exports),Meals from restaurants,Dollars,millions,877.5
7859,2017,British Columbia,International demand (exports),Alcoholic beverages from accommodation,Dollars,millions,23.9
7860,2017,British Columbia,International demand (exports),Alcoholic beverages from restaurants,Dollars,millions,141.2
7861,2017,British Columbia,International demand (exports),Meals and alcoholic beverages from other tourism industries,Dollars,millions,32.1
7862,2017,British Columbia,International demand (exports),Total other tourism products,Dollars,millions,1027.1
7863,2017,British Columbia,International demand (exports),Recreation and entertainment,Dollars,millions,692.5
7864,2017,British Columbia,International demand (exports),Travel services,Dollars,millions,225.2
7865,2017,British Columbia,International demand (exports),Convention fees,Dollars,millions,109.4
7866,2017,British Columbia,International demand (exports),Pre-trip expenses,Dollars,millions,0.0
7867,2017,British Columbia,International demand (exports),Total other products,Dollars,millions,1288.9
7868,2017,British Columbia,International demand (exports),Groceries,Dollars,millions,417.9
7869,2017,British Columbia,International demand (exports),"Beer, wine, and liquor from stores",Dollars,millions,98.0
7870,2017,British Columbia,International demand (exports),Urban transit and parking,Dollars,millions,7.6
7871,2017,British Columbia,International demand (exports),Miscellaneous products,Dollars,millions,765.4
7872,2017,British Columbia,Imports,Total tourism expenditures,Dollars,millions,11689.5
7873,2017,British Columbia,Imports,Total tourism products,Dollars,millions,10438.6
7874,2017,British Columbia,Imports,Total transportation,Dollars,millions,4334.4
7883,2017,British Columbia,Imports,Total accommodation,Dollars,millions,3006.5
7888,2017,British Columbia,Imports,Total food and beverage services,Dollars,millions,2031.2
7894,2017,British Columbia,Imports,Total other tourism products,Dollars,millions,1066.5
7899,2017,British Columbia,Imports,Total other products,Dollars,millions,1250.9
7904,2017,British Columbia,Interprovincial imports,Total tourism expenditures,Dollars,millions,2095.2
7905,2017,British Columbia,Interprovincial imports,Total tourism products,Dollars,millions,1853.3
7906,2017,British Columbia,Interprovincial imports,Total transportation,Dollars,millions,859.9
7907,2017,British Columbia,Interprovincial imports,Passenger air transport,Dollars,millions,622.2
7908,2017,British Columbia,Interprovincial imports,Passenger rail transport,Dollars,millions,1.8
7909,2017,British Columbia,Interprovincial imports,Passenger water transport,Dollars,millions,0.9
7910,2017,British Columbia,Interprovincial imports,"Interurban, charter and tour bus transport",Dollars,millions,9.3
7911,2017,British Columbia,Interprovincial imports,Taxis,Dollars,millions,16.2
7912,2017,British Columbia,Interprovincial imports,Vehicle rental,Dollars,millions,75.3
7913,2017,British Columbia,Interprovincial imports,Vehicle repairs and parts,Dollars,millions,54.6
7914,2017,British Columbia,Interprovincial imports,Vehicle fuel,Dollars,millions,79.6
7915,2017,British Columbia,Interprovincial imports,Total accommodation,Dollars,millions,353.8
7916,2017,British Columbia,Interprovincial imports,Hotels,Dollars,millions,299.4
7917,2017,British Columbia,Interprovincial imports,Motels,Dollars,millions,15.8
7918,2017,British Columbia,Interprovincial imports,Camping,Dollars,millions,21.8
7919,2017,British Columbia,Interprovincial imports,Other accommodation,Dollars,millions,16.8
7920,2017,British Columbia,Interprovincial imports,Total food and beverage services,Dollars,millions,307.9
7921,2017,British Columbia,Interprovincial imports,Meals from accommodation,Dollars,millions,13.4
7922,2017,British Columbia,Interprovincial imports,Meals from restaurants,Dollars,millions,241.9
7923,2017,British Columbia,Interprovincial imports,Alcoholic beverages from accommodation,Dollars,millions,6.5
7924,2017,British Columbia,Interprovincial imports,Alcoholic beverages from restaurants,Dollars,millions,36.2
7925,2017,British Columbia,Interprovincial imports,Meals and alcoholic beverages from other tourism industries,Dollars,millions,9.9
7926,2017,British Columbia,Interprovincial imports,Total other tourism products,Dollars,millions,331.7
7927,2017,British Columbia,Interprovincial imports,Recreation and entertainment,Dollars,millions,80.3
7928,2017,British Columbia,Interprovincial imports,Travel services,Dollars,millions,240.0
7929,2017,British Columbia,Interprovincial imports,Convention fees,Dollars,millions,11.4
7931,2017,British Columbia,Interprovincial imports,Total other products,Dollars,millions,241.9
7932,2017,British Columbia,Interprovincial imports,Groceries,Dollars,millions,89.2
7933,2017,British Columbia,Interprovincial imports,"Beer, wine, and liquor from stores",Dollars,millions,18.8
7934,2017,British Columbia,Interprovincial imports,Urban transit and parking,Dollars,millions,7.9
7935,2017,British Columbia,Interprovincial imports,Miscellaneous products,Dollars,millions,126.0
7936,2017,British Columbia,International imports,Total tourism expenditures,Dollars,millions,9594.2
7937,2017,British Columbia,International imports,Total tourism products,Dollars,millions,8585.2
7938,2017,British Columbia,International imports,Total transportation,Dollars,millions,3474.5
7947,2017,British Columbia,International imports,Total accommodation,Dollars,millions,2652.6
7952,2017,British Columbia,International imports,Total food and beverage services,Dollars,millions,1723.3
7958,2017,British Columbia,International imports,Total other tourism products,Dollars,millions,734.7
7963,2017,British Columbia,International imports,Total other products,Dollars,millions,1009.0
